iso3,m49,name_en,jica_name,dac_oda_recipient_2024,jica_relation,supervising_offices,jica_country_page
AFG,004,Afghanistan,Afghanistan,yes,country_page_and_purview,JICA Afghanistan Office,https://www.jica.go.jp/english/overseas/afghanistan/index.html
AGO,024,Angola,Angola,yes,country_page_and_purview,JICA Angola Office,https://www.jica.go.jp/english/overseas/angola/index.html
ALB,008,Albania,Albania,yes,country_page_and_purview,JICA Balkan Office,https://www.jica.go.jp/english/overseas/albania/index.html
ARG,032,Argentina,Argentine,yes,country_page_and_purview,JICA Argentine Office,https://www.jica.go.jp/english/overseas/argentine/index.html
ARM,051,Armenia,Armenia,yes,country_page_and_purview,JICA Uzbekistan Office,https://www.jica.go.jp/english/overseas/armenia/index.html
ATG,028,Antigua and Barbuda,Antigua and Barbuda,no,purview_only,JICA Dominican Republic Office,
AZE,031,Azerbaijan,Azerbaijan,yes,country_page_and_purview,JICA Uzbekistan Office,https://www.jica.go.jp/english/overseas/azerbaijan/index.html
BDI,108,Burundi,Burundi,yes,country_page_and_purview,JICA Rwanda Office,https://www.jica.go.jp/english/overseas/burundi/index.html
BEN,204,Benin,Benin,yes,country_page_and_purview,JICA Côte d'Ivoire Office (JICA EN Côte d'Ivoire); JICA/JOCV Benin Office,https://www.jica.go.jp/english/overseas/benin/index.html
BFA,854,Burkina Faso,Burkina Faso,yes,country_page_and_purview,JICA Burkina Faso Office,https://www.jica.go.jp/english/overseas/burkinafaso/index.html
BGD,050,Bangladesh,Bangladesh,yes,country_page_and_purview,JICA Bangladesh Office,https://www.jica.go.jp/english/overseas/bangladesh/index.html
BHS,044,Bahamas,Bahamas,no,purview_only,JICA Dominican Republic Office,
BIH,070,Bosnia and Herzegovina,Bosnia and Herzegovina,yes,country_page_and_purview,JICA Balkan Office,https://www.jica.go.jp/english/overseas/bosnia/index.html
BLZ,084,Belize,Belize,yes,country_page_and_purview,JICA Belize Office; JICA El Salvador Office,https://www.jica.go.jp/english/overseas/belize/index.html
BOL,068,Bolivia (Plurinational State of),Bolivia,yes,country_page_and_purview,JICA Bolivia Office,https://www.jica.go.jp/english/overseas/bolivia/index.html
BRA,076,Brazil,Brazil,yes,country_page_and_purview,JICA Brazil Office,https://www.jica.go.jp/english/overseas/brazil/index.html
BRB,052,Barbados,Barbados,no,purview_only,JICA Dominican Republic Office,
BTN,064,Bhutan,Bhutan,yes,country_page_and_purview,JICA Bhutan Office,https://www.jica.go.jp/english/overseas/bhutan/index.html
BWA,072,Botswana,Botswana,yes,country_page_and_purview,JICA Botswana Office; JICA South Africa Office,https://www.jica.go.jp/english/overseas/botswana/index.html
CAF,140,Central African Republic,Central African,yes,purview_only,JICA Cameroon Office,
CHL,152,Chile,Chile,no,country_page_and_purview,JICA Chile Office; JICA Peru Office,https://www.jica.go.jp/english/overseas/chile/index.html
CHN,156,China,China,yes,country_page_and_purview,JICA China Office,https://www.jica.go.jp/english/overseas/china/index.html
CIV,384,Côte d’Ivoire,Côte d'Ivoire,yes,country_page_and_purview,JICA Côte d'Ivoire Office (JICA EN Côte d'Ivoire),https://www.jica.go.jp/english/overseas/cotedivoire/index.html
CMR,120,Cameroon,Cameroon,yes,country_page_and_purview,JICA Cameroon Office,https://www.jica.go.jp/english/overseas/cameroon/index.html
COD,180,Democratic Republic of the Congo,Democratic Republic of Congo,yes,country_page_and_purview,JICA Democratic Republic of Congo Office (JICA DRC Office),https://www.jica.go.jp/english/overseas/drc/index.html
COG,178,Congo,Republic of Congo,yes,purview_only,JICA Democratic Republic of Congo Office (JICA DRC Office),
COK,184,Cook Islands,Cook Islands,no,purview_only,JICA Fiji Office,
COL,170,Colombia,Colombia,yes,country_page_and_purview,JICA Colombia Office; JICA Peru Office,https://www.jica.go.jp/english/overseas/colombia/index.html
COM,174,Comoros,Comoros,yes,country_page_and_purview,JICA Madagascar Office,https://www.jica.go.jp/english/overseas/comoros/index.html
CPV,132,Cabo Verde,Cape Verde,yes,purview_only,JICA Senegal Office,
CRI,188,Costa Rica,Costa Rica,yes,country_page_and_purview,JICA Costa Rica Office; JICA Panama Office,https://www.jica.go.jp/english/overseas/costarica/index.html
CUB,192,Cuba,Republic of Cuba,yes,country_page_and_purview,JICA Cuba Office,https://www.jica.go.jp/english/overseas/cuba/index.html
DJI,262,Djibouti,Djibouti,yes,country_page_and_purview,JICA Djibouti Office,https://www.jica.go.jp/english/overseas/djibouti/index.html
DMA,212,Dominica,Dominica,yes,purview_only,JICA Dominican Republic Office,
DOM,214,Dominican Republic,Dominican Republic,yes,country_page_and_purview,JICA Dominican Republic Office,https://www.jica.go.jp/english/overseas/dominicanrep/index.html
DZA,012,Algeria,Algeria,yes,country_page_and_purview,JICA Tunisia Office,https://www.jica.go.jp/english/overseas/algeria/index.html
ECU,218,Ecuador,Ecuador,yes,country_page_and_purview,JICA Ecuador Office,https://www.jica.go.jp/english/overseas/ecuador/index.html
EGY,818,Egypt,Egypt,yes,country_page_and_purview,JICA Egypt Office,https://www.jica.go.jp/english/overseas/egypt/index.html
ERI,232,Eritrea,Eritrea,yes,country_page_and_purview,JICA Kenya Office,https://www.jica.go.jp/english/overseas/eritrea/index.html
ETH,231,Ethiopia,Ethiopia,yes,country_page_and_purview,JICA Ethiopia Office,https://www.jica.go.jp/english/overseas/ethiopia/index.html
FJI,242,Fiji,Fiji,yes,country_page_and_purview,JICA Fiji Office,https://www.jica.go.jp/english/overseas/fiji/index.html
FSM,583,Micronesia (Federated States of),Federated States of Micronesia,yes,country_page_and_purview,JICA Micronesia Office; JICA Palau Office,https://www.jica.go.jp/english/overseas/fsm/index.html
GAB,266,Gabon,Gabon,yes,country_page_and_purview,JICA Cameroon Office; JICA/JOCV Gabon Office,https://www.jica.go.jp/english/overseas/gabon/index.html
GEO,268,Georgia,Georgia,yes,country_page_and_purview,JICA Georgia Office; JICA Uzbekistan Office,https://www.jica.go.jp/english/overseas/georgia/index.html
GHA,288,Ghana,Ghana,yes,country_page_and_purview,JICA Ghana Office,https://www.jica.go.jp/english/overseas/ghana/index.html
GIN,324,Guinea,Guinea,yes,country_page_and_purview,JICA Senegal Office,https://www.jica.go.jp/english/overseas/guinea/index.html
GMB,270,Gambia,Gambia,yes,purview_only,JICA Senegal Office,
GNB,624,Guinea-Bissau,Guinea-Bissau,yes,purview_only,JICA Senegal Office,
GNQ,226,Equatorial Guinea,Equatorial Guinea,yes,purview_only,JICA Angola Office,
GRD,308,Grenada,Grenada,yes,purview_only,JICA Dominican Republic Office,
GTM,320,Guatemala,Guatemala,yes,country_page_and_purview,JICA Guatemala Office,https://www.jica.go.jp/english/overseas/guatemala/index.html
GUY,328,Guyana,Guyana,yes,purview_only,JICA Dominican Republic Office,
HND,340,Honduras,Honduras,yes,country_page_and_purview,JICA Honduras Office,https://www.jica.go.jp/english/overseas/honduras/index.html
HTI,332,Haiti,Haiti,yes,country_page_and_purview,JICA Dominican Republic Office,https://www.jica.go.jp/english/overseas/haiti/index.html
IDN,360,Indonesia,Indonesia,yes,country_page_and_purview,JICA Indonesia Office,https://www.jica.go.jp/english/overseas/indonesia/index.html
IND,356,India,India,yes,country_page_and_purview,JICA India Office,https://www.jica.go.jp/english/overseas/india/index.html
IRN,364,Iran (Islamic Republic of),Iran,yes,country_page_and_purview,JICA Iran Office,https://www.jica.go.jp/english/overseas/iran/index.html
IRQ,368,Iraq,Iraq,yes,country_page_and_purview,JICA Iraq Office,https://www.jica.go.jp/english/overseas/iraq/index.html
JAM,388,Jamaica,Jamaica,yes,country_page_and_purview,JICA Dominican Republic Office; JICA Jamaica Office,https://www.jica.go.jp/english/overseas/jamaica/index.html
JOR,400,Jordan,Jordan,yes,country_page_and_purview,JICA Jordan Office,https://www.jica.go.jp/english/overseas/jordan/index.html
KAZ,398,Kazakhstan,Kazakhstan,yes,country_page_and_purview,JICA Kyrgyz Republic Office,https://www.jica.go.jp/english/overseas/kazakhstan/index.html
KEN,404,Kenya,Kenya,yes,country_page_and_purview,JICA Kenya Office,https://www.jica.go.jp/english/overseas/kenya/index.html
KGZ,417,Kyrgyzstan,Kyrgyz Republic,yes,country_page_and_purview,JICA Kyrgyz Republic Office,https://www.jica.go.jp/english/overseas/kyrgyz/index.html
KHM,116,Cambodia,Cambodia,yes,country_page_and_purview,JICA Cambodia Office,https://www.jica.go.jp/english/overseas/cambodia/index.html
KIR,296,Kiribati,Kiribati,yes,purview_only,JICA Fiji Office,
KNA,659,Saint Kitts and Nevis,Saint Christopher and Nevis,no,purview_only,JICA Dominican Republic Office,
LAO,418,Lao People's Democratic Republic,Laos,yes,country_page_and_purview,JICA Laos Office,https://www.jica.go.jp/english/overseas/laos/index.html
LBR,430,Liberia,Liberia,yes,country_page_and_purview,JICA Ghana Office,https://www.jica.go.jp/english/overseas/liberia/index.html
LCA,662,Saint Lucia,Saint Lucia,yes,country_page_and_purview,JICA Dominican Republic Office; JICA Saint Lucia Office,https://www.jica.go.jp/english/overseas/stlucia/index.html
LKA,144,Sri Lanka,Sri Lanka,yes,country_page_and_purview,JICA Sri Lanka Office,https://www.jica.go.jp/english/overseas/srilanka/index.html
LSO,426,Lesotho,Lesotho,yes,purview_only,JICA South Africa Office,
MAR,504,Morocco,Morocco,yes,country_page_and_purview,JICA Morocco Office,https://www.jica.go.jp/english/overseas/morocco/index.html
MDA,498,Republic of Moldova,Moldova,yes,country_page_and_purview,JICA Ukraine Office,https://www.jica.go.jp/english/overseas/moldova/index.html
MDG,450,Madagascar,Madagascar,yes,country_page_and_purview,JICA Madagascar Office,https://www.jica.go.jp/english/overseas/madagascar/index.html
MDV,462,Maldives,Maldives,yes,country_page_and_purview,JICA Maldives Office; JICA Sri Lanka Office,https://www.jica.go.jp/english/overseas/maldives/index.html
MEX,484,Mexico,Mexico,yes,country_page_and_purview,JICA Mexico Office,https://www.jica.go.jp/english/overseas/mexico/index.html
MHL,584,Marshall Islands,Marshall Islands,yes,country_page_and_purview,JICA Palau Office; JICA/JOCV Marshall Islands Office,https://www.jica.go.jp/english/overseas/marshall/index.html
MKD,807,North Macedonia,Republic of North Macedonia,yes,country_page_and_purview,JICA Balkan Office,https://www.jica.go.jp/english/overseas/north_macedonia/index.html
MLI,466,Mali,Mali,yes,purview_only,JICA Senegal Office,
MMR,104,Myanmar,Myanmar,yes,country_page_and_purview,JICA Myanmar Office,https://www.jica.go.jp/english/overseas/myanmar/index.html
MNE,499,Montenegro,Montenegro,yes,country_page_and_purview,JICA Balkan Office,https://www.jica.go.jp/english/overseas/montenegro/index.html
MNG,496,Mongolia,Mongolia,yes,country_page_and_purview,JICA Mongolia Office,https://www.jica.go.jp/english/overseas/mongolia/index.html
MOZ,508,Mozambique,Mozambique,yes,country_page_and_purview,JICA Mozambique Office,https://www.jica.go.jp/english/overseas/mozambique/index.html
MRT,478,Mauritania,Mauritania,yes,purview_only,JICA Senegal Office,
MUS,480,Mauritius,Mauritius,yes,country_page_and_purview,JICA Madagascar Office,https://www.jica.go.jp/english/overseas/mauritius/index.html
MWI,454,Malawi,Malawi,yes,country_page_and_purview,JICA Malawi Office,https://www.jica.go.jp/english/overseas/malawi/index.html
MYS,458,Malaysia,Malaysia,yes,country_page_and_purview,JICA Malaysia Office,https://www.jica.go.jp/english/overseas/malaysia/index.html
NAM,516,Namibia,Namibia,yes,country_page_and_purview,JICA Namibia Office; JICA South Africa Office,https://www.jica.go.jp/english/overseas/namibia/index.html
NER,562,Niger,Niger,yes,country_page_and_purview,JICA Niger Office,https://www.jica.go.jp/english/overseas/niger/index.html
NGA,566,Nigeria,Nigeria,yes,country_page_and_purview,JICA Nigeria Office,https://www.jica.go.jp/english/overseas/nigeria/index.html
NIC,558,Nicaragua,Nicaragua,yes,country_page_and_purview,JICA Nicaragua Office,https://www.jica.go.jp/english/overseas/nicaragua/index.html
NIU,570,Niue,Niue,yes,purview_only,JICA Fiji Office,
NPL,524,Nepal,Nepal,yes,country_page_and_purview,JICA Nepal Office,https://www.jica.go.jp/english/overseas/nepal/index.html
NRU,520,Naoero,Nauru,yes,purview_only,JICA Fiji Office,
PAK,586,Pakistan,Pakistan,yes,country_page_and_purview,JICA Pakistan Office,https://www.jica.go.jp/english/overseas/pakistan/index.html
PAN,591,Panama,Panama,yes,country_page_and_purview,JICA Panama Office,https://www.jica.go.jp/english/overseas/panama/index.html
PER,604,Peru,Peru,yes,country_page_and_purview,JICA Peru Office,https://www.jica.go.jp/english/overseas/peru/index.html
PHL,608,Philippines,Philippines,yes,country_page_and_purview,JICA Philippines Office,https://www.jica.go.jp/english/overseas/philippine/index.html
PLW,585,Palau,Palau,yes,country_page_and_purview,JICA Palau Office,https://www.jica.go.jp/english/overseas/palau/index.html
PNG,598,Papua New Guinea,Papua New Guinea,yes,country_page_and_purview,JICA Papua New Guinea Office,https://www.jica.go.jp/english/overseas/png/index.html
PRY,600,Paraguay,Paraguay,yes,country_page_and_purview,JICA Paraguay Office,https://www.jica.go.jp/english/overseas/paraguay/index.html
PSE,275,State of Palestine,Palestine,yes,country_page_and_purview,JICA Palestine Office,https://www.jica.go.jp/english/overseas/palestine/index.html
RWA,646,Rwanda,Rwanda,yes,country_page_and_purview,JICA Rwanda Office,https://www.jica.go.jp/english/overseas/rwanda/index.html
SAU,682,Saudi Arabia,Saudi Arabia,no,purview_only,JICA Saudi Arabia Field Office,
SDN,729,Sudan,Sudan,yes,country_page_and_purview,JICA Sudan Office,https://www.jica.go.jp/english/overseas/sudan/index.html
SEN,686,Senegal,Senegal,yes,country_page_and_purview,JICA Senegal Office,https://www.jica.go.jp/english/overseas/senegal/index.html
SLB,090,Solomon Islands,Solomon Islands,yes,country_page_and_purview,JICA Papua New Guinea Office; JICA Solomon Islands Office,https://www.jica.go.jp/english/overseas/solomon/index.html
SLE,694,Sierra Leone,Sierra Leone,yes,country_page_and_purview,JICA Sierra Leone Office,https://www.jica.go.jp/english/overseas/sierraleone/index.html
SLV,222,El Salvador,El Salvador,yes,country_page_and_purview,JICA El Salvador Office,https://www.jica.go.jp/english/overseas/elsalvador/index.html
SOM,706,Somalia,Somalia,yes,country_page_and_purview,JICA Kenya Office,https://www.jica.go.jp/english/overseas/somalia/index.html
SRB,688,Serbia,Serbia,yes,country_page_and_purview,JICA Balkan Office,https://www.jica.go.jp/english/overseas/serbia/index.html
SSD,728,South Sudan,South Sudan,yes,country_page_and_purview,JICA South Sudan Office,https://www.jica.go.jp/english/overseas/south_sudan/index.html
STP,678,Sao Tome and Principe,Sao Tome and Principe,yes,purview_only,JICA Angola Office,
SUR,740,Suriname,Suriname,yes,purview_only,JICA Dominican Republic Office,
SWZ,748,Eswatini,Eswatini,yes,purview_only,JICA South Africa Office,
SYC,690,Seychelles,Seychelles,no,country_page_and_purview,JICA Kenya Office,https://www.jica.go.jp/english/overseas/seychelles/index.html
SYR,760,Syrian Arab Republic,Syria,yes,country_page_and_purview,JICA Syria Office,https://www.jica.go.jp/english/overseas/syria/index.html
TCD,148,Chad,Chad,yes,purview_only,JICA Cameroon Office,
TGO,768,Togo,Togo,yes,purview_only,JICA Côte d'Ivoire Office (JICA EN Côte d'Ivoire),
THA,764,Thailand,Thailand,yes,country_page_and_purview,JICA Thailand Office,https://www.jica.go.jp/english/overseas/thailand/index.html
TJK,762,Tajikistan,Tajikistan,yes,country_page_and_purview,JICA Tajikistan Office,https://www.jica.go.jp/english/overseas/tajikistan/index.html
TLS,626,Timor-Leste,Timor-Leste,yes,country_page_and_purview,JICA Timor-Leste Office,https://www.jica.go.jp/english/overseas/easttimor/index.html
TON,776,Tonga,Tonga,yes,country_page_and_purview,JICA Fiji Office; JICA Tonga Office,https://www.jica.go.jp/english/overseas/tonga/index.html
TTO,780,Trinidad and Tobago,Trinidad and Tobago,no,purview_only,JICA Dominican Republic Office,
TUN,788,Tunisia,Tunisia,yes,country_page_and_purview,JICA Tunisia Office,https://www.jica.go.jp/english/overseas/tunisia/index.html
TUR,792,Türkiye,Turkey,yes,country_page_and_purview,JICA Turkey Office,https://www.jica.go.jp/english/overseas/turkey/index.html
TUV,798,Tuvalu,Tuvalu,yes,purview_only,JICA Fiji Office,
TZA,834,United Republic of Tanzania,Tanzania,yes,country_page_and_purview,JICA Tanzania Office,https://www.jica.go.jp/english/overseas/tanzania/index.html
UGA,800,Uganda,Uganda,yes,country_page_and_purview,JICA Uganda Office,https://www.jica.go.jp/english/overseas/uganda/index.html
UKR,804,Ukraine,Ukraine,yes,country_page_and_purview,JICA Ukraine Office,https://www.jica.go.jp/english/overseas/ukraine/index.html
URY,858,Uruguay,Uruguay,no,country_page_and_purview,JICA Paraguay Office; JICA Uruguay Office,https://www.jica.go.jp/english/overseas/uruguay/index.html
UZB,860,Uzbekistan,Uzbekistan,yes,country_page_and_purview,JICA Uzbekistan Office,https://www.jica.go.jp/english/overseas/uzbekistan/index.html
VCT,670,Saint Vincent and the Grenadines,Saint Vincent,yes,purview_only,JICA Dominican Republic Office,
VEN,862,Venezuela (Bolivarian Republic of),Venezuela,yes,country_page_and_purview,JICA Peru Office; JICA Venezuela Office,https://www.jica.go.jp/english/overseas/venezuela/index.html
VNM,704,Viet Nam,Viet Nam,yes,country_page_and_purview,JICA Viet Nam Office,https://www.jica.go.jp/english/overseas/vietnam/index.html
VUT,548,Vanuatu,Vanuatu,yes,country_page_and_purview,JICA Fiji Office; JICA Vanuatu Office,https://www.jica.go.jp/english/overseas/vanuatu/index.html
WSM,882,Samoa,Samoa,yes,country_page_and_purview,JICA Fiji Office; JICA Samoa Office,https://www.jica.go.jp/english/overseas/samoa/index.html
XKX,,Kosovo,Kosovo,yes,country_page_and_purview,JICA Balkan Office,https://www.jica.go.jp/english/overseas/kosovo/index.html
YEM,887,Yemen,Yemen,yes,country_page_and_purview,JICA Egypt Office; JICA/JOCV Yemen Office,https://www.jica.go.jp/english/overseas/yemen/index.html
ZAF,710,South Africa,South Africa,yes,country_page_and_purview,JICA South Africa Office,https://www.jica.go.jp/english/overseas/southafrica/index.html
ZMB,894,Zambia,Zambia,yes,country_page_and_purview,JICA Zambia Office,https://www.jica.go.jp/english/overseas/zambia/index.html
ZWE,716,Zimbabwe,Zimbabwe,yes,country_page_and_purview,JICA South Africa Office; JICA Zimbabwe Office,https://www.jica.go.jp/english/overseas/zimbabwe/index.html
